Game,brand,model,category
AC,Abarth,500 Assetto Corse,TROFEO ABARTH 500
AC,Abarth,500 EsseEsse,SMALL SPORTS
AC,Abarth,500 EsseEsse Step 1,SMALL SPORTS
AC,Abarth,595 SS,VINTAGE TOURING
AC,Abarth,595 SS Step 1,VINTAGE TOURING
AC,Abarth,595 SS Step 2,VINTAGE TOURING
AC,Alfa Romeo,155 TI V6,DTM
AC,Alfa Romeo,33 Stradale,VINTAGE SUPERCARS
AC,Alfa Romeo,4C,SPORTSCARS
AC,Alfa Romeo,Giulia Quadrifoglio,SPORTSCARS
AC,Alfa Romeo,Giulietta QV,SMALL SPORTS
AC,Alfa Romeo,GTA,VINTAGE TOURING
AC,Alfa Romeo,Mito QV,SMALL SPORTS
AC,Alfa Romeo,QV Launch Edition 2014,SMALL SPORTS
ACC,Alpine,A110 GT4,GT4
ACC,AMR,V12 Vantage GT3 2013,GT3
ACC,AMR,V8 Vantage GT3 2019,GT3
ACC,AMR,Vantage GT4,GT4
AC,Audi,R18 e-tron quattro 2014,LMP1
AC,Audi,R8 LMS 2016,GT3
ACC,Audi,R8 LMS 2015,GT3
ACC,Audi,R8 LMS Evo 2019,GT3
ACC,Audi,R8 LMS GT4,GT4
AC,Audi,R8 LMS Ultra,GT3
AC,Audi,R8 V10 Plus,SUPERCARS
AC,Audi,S1,SMALL SPORTS
AC,Audi,Sport quattro,SPORTSCARS
AC,Audi,Sport quattro S1 E2,RALLY
AC,Audi,Sport quattro Step 1,SPORTSCARS
AC,Audi,TT Cup,TT CUP
AC,Audi,TT RS VLN,TT CUP
ACC,Bentley,Continental GT3 2015,GT3
ACC,Bentley,Continental GT3 2018,GT3
AC,BMW,1 Series M Coupe,SPORTSCARS
AC,BMW,1 Series M Coupe Stage 3,SPORTSCARS
AC,BMW,Coupe Akrapovic Edition,SPORTSCARS
AC,BMW,M235i Racing,GT4
AC,BMW,M3 E30,SMALL SPORTS
AC,BMW,M3 E30 Drift,DRIFT
AC,BMW,M3 E30 Gr.A 92,SPORTSCARS
AC,BMW,M3 E30 Group A,DTM
AC,BMW,M3 E30 Step 1,SMALL SPORTS
AC,BMW,M3 E92,SPORTSCARS
AC,BMW,M3 E92 Drift,DRIFT
AC,BMW,M3 E92 Step 1,SPORTSCARS
AC,BMW,M3 GT2,GT2
AC,BMW,M4 Coupe,SPORTSCARS
ACC,BMW,M4 GT4,GT4
ACC,BMW,M6 GT3 2017,GT3
AC,BMW,Z4 E89,SPORTSCARS
AC,BMW,Z4 E89 Drift,DRIFT
AC,BMW,Z4 E89 Step 1,SPORTSCARS
AC,BMW,Z4 GT3,GT3
ACC,Chevrolet,Camaro GT4.R 2017,GT4
AC,Chevrolet,Corvette C7 Stingray,SUPERCARS
AC,Chevrolet,Corvette C7R,GT2
AC,Ferrari,250 GTO,VINTAGE SUPERCARS
AC,Ferrari,312/67,GP
AC,Ferrari,312T,GP
AC,Ferrari,330 P4,VINTAGE GT
AC,Ferrari,458 GT2,GT2
AC,Ferrari,458 Italia,SUPERCARS
AC,Ferrari,458 Italia Stage 3,458CHALLENGE
AC,Ferrari,488 GT3,GT3
ACC,Ferrari,488 GT3 2018,GT3
ACC,Ferrari,488 GT3 Evo 2020,GT3
AC,Ferrari,488 GTB,SUPERCARS
AC,Ferrari,599XX Evo,HYPERCARS R
AC,Ferrari,812 Superfast,SUPERCARS
AC,Ferrari,F138,GP
AC,Ferrari,F2004,GP
AC,Ferrari,F40,VINTAGE SUPERCARS
AC,Ferrari,F40 Stage 3,VINTAGE GT
AC,Ferrari,FXX K,HYPERCARS R
AC,Ferrari,GTO,VINTAGE SUPERCARS
AC,Ferrari,LaFerrari,HYPERCARS
AC,Ferrari,SF15-T,GP
AC,Ferrari,SF70H,GP
AC,Ford,Escort RS1600,VINTAGE TOURING
AC,Ford,GT40,VINTAGE GT
AC,Ford,Mustang 2015,SPORTSCARS
ACC,Ginetta,G55 GT4 2012,GT4
ACC,Honda,NSX GT3 2017,GT3
ACC,Honda,NSX GT3 Evo 2019,GT3
ACC,Jaguar,Emil Frey Jaguar G3,GT3
AC,KTM,X-Bow R,GT4
AC,Lamborghini,Aventador SV,HYPERCARS
AC,Lamborghini,Countach,VINTAGE SUPERCARS
AC,Lamborghini,Countach S1,VINTAGE SUPERCARS
AC,Lamborghini,Gallardo Superleggera,SUPERCARS
AC,Lamborghini,Gallardo Superleggera Step 3,HYPERCARS
AC,Lamborghini,Huracan GT3,GT3
ACC,KTM,X-Bow GT4,GT4
ACC,Lamborghini,Huracan GT3 2015,GT3
AC,Lamborghini,Huracan Performante,SUPERCARS
ACC,Lamborghini,Huracan GT3 Evo 2019,GT3
AC,Lamborghini,Huracan Super Trofeo,ST
AC,Lamborghini,Miura,VINTAGE SUPERCARS
AC,Lamborghini,Sesto Elemento,HYPERCARS
ACC,Lamborghini,Huracan ST,ST
AC,Lotus,2-Eleven,SUPERCARS
AC,Lotus,2-Eleven GT4,GT4
AC,Lotus,3-Eleven,SUPERCARS
AC,Lotus,Elise SC,SPORTSCARS
AC,Lotus,Elise SC Step 1,SPORTSCARS
AC,Lotus,Elise SC Step 2,SPORTSCARS
AC,Lotus,Evora GTC,GT4
AC,Lotus,Evora GTE,SPORTSCARS
AC,Lotus,Evora GTE Carbon,SPORTSCARS
AC,Lotus,Evora GX,GT4
AC,Lotus,Evora S,SPORTSCARS
AC,Lotus,Evora S Stage 2,SPORTSCARS
AC,Lotus,Exige 240R,SPORTSCARS
AC,Lotus,Exige 240R Stage 3,SPORTSCARS
AC,Lotus,Exige S,SUPERCARS
AC,Lotus,Exige S Roadster,SPORTSCARS
AC,Lotus,Exige Scura,SPORTSCARS
AC,Lotus,Exige V6 CUP,SUPERCARS
AC,Lotus,Exos T125,GP
AC,Lotus,Exos T125 Stage 1,GP
AC,Lotus Classic Cars,Type 25,GP
AC,Lotus Classic Cars,Type 49,GP
AC,Lotus Classic Cars,Type 72D,GP
AC,Lotus Classic Cars,Type 98T,GP
AC,Maserati,250F 12 cylinder,GP
AC,Maserati,250F 6 cylinder,GP
AC,Maserati,Alfieri,SPORTSCARS
AC,Maserati,GranTurismo MC GT4,GT4
ACC,Lexus,RC F GT3 2016,GT3
AC,Maserati,Levante S,SUV
AC,Maserati,MC12 GT1,VINTAGE GT
AC,Maserati,Quattroporte GTS,SPORTSCARS
AC,Mazda,787B,PROTO C
AC,Mazda,MX-5 Cup,GLOBAL CUP
AC,Mazda,MX-5 Miata NA,SMALL SPORTS
AC,Mazda,MX-5 ND,SMALL SPORTS
AC,Mazda,RX-7 Spirit R,SPORTSCARS
AC,Mazda,RX-7 Tuned,SPORTSCARS
AC,McLaren,570S,SUPERCARS
ACC,Maserati,GranTurismo MC GT4,GT4
AC,McLaren,650S GT3,GT3
ACC,Mclaren,570S GT4,GT4
ACC,McLaren,650S GT3 2015,GT3
AC,McLaren,F1 GTR,VINTAGE GT
AC,McLaren,MP4-12C,SUPERCARS
AC,McLaren,MP4-12C GT3,GT3
AC,McLaren,P1,HYPERCARS
AC,McLaren,P1 GTR,HYPERCARS R
ACC,McLaren,720S GT3 2019,GT3
ACC,Mercedes-AMG,GT3 2015,GT3
ACC,Mercedes-AMG,GT3 EVO 2020,GT3
AC,Mercedes-Benz,190E Evo II,DTM
AC,Mercedes-Benz,AMG GT3,GT3
AC,Mercedes-Benz,C9 1989 LM,PROTO C
AC,Mercedes-Benz,SLS AMG,SUPERCARS
AC,Mercedes-Benz,SLS AMG GT3,GT3
AC,Nissan,370Z NISMO,SPORTSCARS
AC,Nissan,GT-R NISMO,SUPERCARS
AC,Nissan,GT-R NISMO GT3,GT3
ACC,Mercedes-AMG,GT4,GT4
ACC,Nissan,GT-R Nismo GT3 2015,GT3
AC,Nissan,"Skyline GT-R Skyline V-Spec, R34",SPORTSCARS
AC,Pagani,Huayra,HYPERCARS
AC,Pagani,Huayra BC,HYPERCARS
AC,Pagani,Zonda R,HYPERCARS R
AC,Porsche,718 Boxster S,SPORTSCARS
AC,Porsche,718 Boxster S PDK,SPORTSCARS
ACC,Nissan,GT-R Nismo GT3 2018,GT3
AC,Porsche,718 Cayman S,SPORTSCARS
AC,Porsche,718 RS 60 Spyder,VINTAGE TOURING
AC,Porsche,908 LH,VINTAGE GT
AC,Porsche,911 Carrera RSR 3.0,VINTAGE TOURING
AC,Porsche,911 Carrera S,SPORTSCARS
AC,Porsche,991 II GT3 Cup 2017,CUP
AC,Porsche,911 GT3 R 2016,GT3
AC,Porsche,911 GT3 RS,SUPERCARS
AC,Porsche,911 R,SUPERCARS
AC,Porsche,911 RSR 2017,GT2
AC,Porsche,911 Turbo S 991,SUPERCARS
AC,Porsche,911-98 GT1,VINTAGE GT
AC,Porsche,917 K,VINTAGE GT
AC,Porsche,917/30 Sypder,VINTAGE GT
AC,Porsche,918 Spyder,HYPERCARS
AC,Porsche,919 Hybrid 2015,LMP1
AC,Porsche,919 Hybrid 2016,LMP1
AC,Porsche,935/78 Moby Dick,VINTAGE GT
AC,Porsche,962C Long tail,PROTO C
AC,Porsche,962C Short tail,PROTO C
ACC,Porsche,718 Cayman GT4 Clubsport,GT4
ACC,Porsche,991 GT3 R 2018,GT3
ACC,Porsche,991 II GT3 Cup 2017,CUP
AC,Porsche,Cayenne Turbo S,SUV
AC,Porsche,Cayman GT4,SUPERCARS
AC,Porsche,Cayman GT4 Clubsport,GT4
AC,Porsche,Macan Turbo,SUV
AC,Porsche,Panamera Turbo,SPORTSCARS
AC,Praga,R1,LMP3
ACC,Porsche,991 II GT3 R 2019,GT3
AC,Ruf,CTR Yellowbird,VINTAGE SUPERCARS
AC,Ruf,RT 12R,SUPERCARS
AC,Ruf,RT 12R AWD,SUPERCARS
AC,Scuderia Glickenhaus,P4/5 Competizione,GT2
AC,Scuderia Glickenhaus,SCG 003,GT3
AC,Shelby,Cobra 427 S/C,VINTAGE SUPERCARS
AC,Tatuus,FA01,GP
AC,Toyota,AE86,SMALL SPORTS
AC,Toyota,AE86 Drift,DRIFT
AC,Toyota,AE86 Tuned,SMALL SPORTS
AC,Toyota,Celica ST185 4WD Turbo,RALLY
AC,Toyota,GT86,SMALL SPORTS
AC,Toyota,Supra MK IV,SPORTSCARS
AC,Toyota,Supra MK IV Drift,DRIFT
AC,Toyota,Supra Time Attack,SPORTSCARS
AC,Toyota,TS040 Hybrid,LMP1
ACC,Reiter Engineering,R-EX GT3 2017,GT3